"","GID_0","NAME_0","GID_1","NAME_1","NL_NAME_1","GID_2","NAME_2","VARNAME_2","NL_NAME_2","TYPE_2","ENGTYPE_2","CC_2","HASC_2"
"122850","TUN","Tunisia","TUN.1_1","Ariana",NA,"TUN.1.1_1","Ariana Médina","Ariana Medina",NA,"Delegation","Delegation",NA,"TN.AN.AR"
"122900","TUN","Tunisia","TUN.1_1","Ariana",NA,"TUN.1.2_1","Ettadhamen",NA,NA,"Delegation","Delegation",NA,"TN.AN.ET"
"122562","TUN","Tunisia","TUN.1_1","Ariana",NA,"TUN.1.3_1","Kalaat El Andalous",NA,NA,"Delegation","Delegation",NA,"TN.AN.KA"
"122843","TUN","Tunisia","TUN.1_1","Ariana",NA,"TUN.1.4_1","Mnihla",NA,NA,"Delegation","Delegation",NA,"TN.AN.MN"
"122742","TUN","Tunisia","TUN.1_1","Ariana",NA,"TUN.1.5_1","Raoued",NA,NA,"Delegation","Delegation",NA,"TN.AN.RA"
"122784","TUN","Tunisia","TUN.1_1","Ariana",NA,"TUN.1.6_1","Sebkhet Ariana",NA,NA,"Water body","Water Body",NA,NA
"122730","TUN","Tunisia","TUN.1_1","Ariana",NA,"TUN.1.7_1","Sidi Thabet",NA,NA,"Delegation","Delegation",NA,"TN.AN.ST"
"122777","TUN","Tunisia","TUN.1_1","Ariana",NA,"TUN.1.8_1","Soukra",NA,NA,"Delegation","Delegation",NA,"TN.AN.LS"
"122829","TUN","Tunisia","TUN.2_1","Béja",NA,"TUN.2.1_1","Amdoun",NA,NA,"Delegation","Delegation",NA,"TN.BJ.AM"
"122803","TUN","Tunisia","TUN.2_1","Béja",NA,"TUN.2.2_1","Béja Nord",NA,NA,"Delegation","Delegation",NA,"TN.BJ.BN"
"123085","TUN","Tunisia","TUN.2_1","Béja",NA,"TUN.2.3_1","Béja Sud",NA,NA,"Delegation","Delegation",NA,"TN.BJ.BS"
"123215","TUN","Tunisia","TUN.2_1","Béja",NA,"TUN.2.4_1","Goubellat",NA,NA,"Delegation","Delegation",NA,"TN.BJ.GO"
"122905","TUN","Tunisia","TUN.2_1","Béja",NA,"TUN.2.5_1","Mejez El Bab",NA,NA,"Delegation","Delegation",NA,"TN.BJ.MB"
"122551","TUN","Tunisia","TUN.2_1","Béja",NA,"TUN.2.6_1","Nefza",NA,NA,"Delegation","Delegation",NA,"TN.BJ.NE"
"123303","TUN","Tunisia","TUN.2_1","Béja",NA,"TUN.2.7_1","Téboursouk","Teboursouk",NA,"Delegation","Delegation",NA,"TN.BJ.TB"
"123083","TUN","Tunisia","TUN.2_1","Béja",NA,"TUN.2.8_1","Testour",NA,NA,"Delegation","Delegation",NA,"TN.BJ.TT"
"123272","TUN","Tunisia","TUN.2_1","Béja",NA,"TUN.2.9_1","Thibar",NA,NA,"Delegation","Delegation",NA,"TN.BJ.TH"
"123054","TUN","Tunisia","TUN.3_1","Ben Arous (Tunis Sud)",NA,"TUN.3.1_1","Ben Arous",NA,NA,"Delegation","Delegation",NA,"TN.BA.BA"
"123110","TUN","Tunisia","TUN.3_1","Ben Arous (Tunis Sud)",NA,"TUN.3.2_1","Boumhel",NA,NA,"Delegation","Delegation",NA,"TN.BA.BE"
"123079","TUN","Tunisia","TUN.3_1","Ben Arous (Tunis Sud)",NA,"TUN.3.3_1","El Mourouj",NA,NA,"Delegation","Delegation",NA,"TN.BA.MJ"
"123061","TUN","Tunisia","TUN.3_1","Ben Arous (Tunis Sud)",NA,"TUN.3.4_1","Ezzahra",NA,NA,"Delegation","Delegation",NA,"TN.BA.EZ"
"123084","TUN","Tunisia","TUN.3_1","Ben Arous (Tunis Sud)",NA,"TUN.3.5_1","Fouchana",NA,NA,"Delegation","Delegation",NA,"TN.BA.FO"
"123123","TUN","Tunisia","TUN.3_1","Ben Arous (Tunis Sud)",NA,"TUN.3.6_1","Hammam Chott",NA,NA,"Delegation","Delegation",NA,"TN.BA.HC"
"123095","TUN","Tunisia","TUN.3_1","Ben Arous (Tunis Sud)",NA,"TUN.3.7_1","Hammam Lif",NA,NA,"Delegation","Delegation",NA,"TN.BA.HL"
"123120","TUN","Tunisia","TUN.3_1","Ben Arous (Tunis Sud)",NA,"TUN.3.8_1","M'Hamdia",NA,NA,"Delegation","Delegation",NA,"TN.BA.MH"
"123018","TUN","Tunisia","TUN.3_1","Ben Arous (Tunis Sud)",NA,"TUN.3.9_1","Mégrine","Megrine",NA,"Delegation","Delegation",NA,"TN.BA.ME"
"123112","TUN","Tunisia","TUN.3_1","Ben Arous (Tunis Sud)",NA,"TUN.3.10_1","Mornag",NA,NA,"Delegation","Delegation",NA,"TN.BA.MR"
"123071","TUN","Tunisia","TUN.3_1","Ben Arous (Tunis Sud)",NA,"TUN.3.11_1","Nouvelle Médina","Medina Jedida",NA,"Delegation","Delegation",NA,"TN.BA.NM"
"122988","TUN","Tunisia","TUN.3_1","Ben Arous (Tunis Sud)",NA,"TUN.3.12_1","Radès","Rades",NA,"Delegation","Delegation",NA,"TN.BA.RA"
"122312","TUN","Tunisia","TUN.4_1","Bizerte",NA,"TUN.4.1_1","Bizerte Nord",NA,NA,"Delegation","Delegation",NA,"TN.BZ.BN"
"122304","TUN","Tunisia","TUN.4_1","Bizerte",NA,"TUN.4.2_1","Bizerte Sud",NA,NA,"Delegation","Delegation",NA,"TN.BZ.BS"
"122439","TUN","Tunisia","TUN.4_1","Bizerte",NA,"TUN.4.3_1","El Alia",NA,NA,"Delegation","Delegation",NA,"TN.BZ.AL"
"122486","TUN","Tunisia","TUN.4_1","Bizerte",NA,"TUN.4.4_1","Ghar El Melh",NA,NA,"Delegation","Delegation",NA,"TN.BZ.GM"
"122502","TUN","Tunisia","TUN.4_1","Bizerte",NA,"TUN.4.5_1","Ghazala","Ghezala",NA,"Delegation","Delegation",NA,"TN.BZ.GH"
"122700","TUN","Tunisia","TUN.4_1","Bizerte",NA,"TUN.4.6_1","Joumine",NA,NA,"Delegation","Delegation",NA,"TN.BZ.JO"
"122505","TUN","Tunisia","TUN.4_1","Bizerte",NA,"TUN.4.7_1","Lake Ichkeul",NA,NA,"Water Body","Water Body",NA,NA
"122564","TUN","Tunisia","TUN.4_1","Bizerte",NA,"TUN.4.8_1","Mateur",NA,NA,"Delegation","Delegation",NA,"TN.BZ.MA"
"122531","TUN","Tunisia","TUN.4_1","Bizerte",NA,"TUN.4.9_1","Menzel Bourguiba",NA,NA,"Delegation","Delegation",NA,"TN.BZ.MB"
"122398","TUN","Tunisia","TUN.4_1","Bizerte",NA,"TUN.4.10_1","Menzel Jemil",NA,NA,"Delegation","Delegation",NA,"TN.BZ.MJ"
"122284","TUN","Tunisia","TUN.4_1","Bizerte",NA,"TUN.4.11_1","Ras Jebel",NA,NA,"Delegation","Delegation",NA,"TN.BZ.RJ"
"122397","TUN","Tunisia","TUN.4_1","Bizerte",NA,"TUN.4.12_1","Sejnane",NA,NA,"Delegation","Delegation",NA,"TN.BZ.SE"
"122491","TUN","Tunisia","TUN.4_1","Bizerte",NA,"TUN.4.13_1","Tinja",NA,NA,"Delegation","Delegation",NA,"TN.BZ.TI"
"122553","TUN","Tunisia","TUN.4_1","Bizerte",NA,"TUN.4.14_1","Utique",NA,NA,"Delegation","Delegation",NA,"TN.BZ.UT"
"126129","TUN","Tunisia","TUN.5_1","Gabès",NA,"TUN.5.1_1","Gabès Médina","Gabes Medina",NA,"Delegation","Delegation",NA,"TN.GB.GV"
"126045","TUN","Tunisia","TUN.5_1","Gabès",NA,"TUN.5.2_1","Gabès Ouest","Gabes Ouest",NA,"Delegation","Delegation",NA,"TN.GB.GO"
"126241","TUN","Tunisia","TUN.5_1","Gabès",NA,"TUN.5.3_1","Gabès Sud","Gabes Sud",NA,"Delegation","Delegation",NA,"TN.GB.GS"
"126016","TUN","Tunisia","TUN.5_1","Gabès",NA,"TUN.5.4_1","Ghannouch",NA,NA,"Delegation","Delegation",NA,"TN.GB.GA"
"125786","TUN","Tunisia","TUN.5_1","Gabès",NA,"TUN.5.5_1","Hamma",NA,NA,"Delegation","Delegation",NA,"TN.GB.HA"
"126324","TUN","Tunisia","TUN.5_1","Gabès",NA,"TUN.5.6_1","Mareth",NA,NA,"Delegation","Delegation",NA,"TN.GB.MR"
"126662","TUN","Tunisia","TUN.5_1","Gabès",NA,"TUN.5.7_1","Matmata","Matmata Ancienne",NA,"Delegation","Delegation",NA,"TN.GB.MT"
"126465","TUN","Tunisia","TUN.5_1","Gabès",NA,"TUN.5.8_1","Matmata Nouvelle",NA,NA,"Delegation","Delegation",NA,"TN.GB.MN"
"125513","TUN","Tunisia","TUN.5_1","Gabès",NA,"TUN.5.9_1","Menzel Habib",NA,NA,"Delegation","Delegation",NA,"TN.GB.MH"
"125681","TUN","Tunisia","TUN.5_1","Gabès",NA,"TUN.5.10_1","Metouia",NA,NA,"Delegation","Delegation",NA,"TN.GB.ME"
"125219","TUN","Tunisia","TUN.6_1","Gafsa",NA,"TUN.6.1_1","Belkhir",NA,NA,"Delegation","Delegation",NA,"TN.GF.BE"
"124963","TUN","Tunisia","TUN.6_1","Gafsa",NA,"TUN.6.2_1","Gafsa Nord",NA,NA,"Delegation","Delegation",NA,"TN.GF.GN"
"124989","TUN","Tunisia","TUN.6_1","Gafsa",NA,"TUN.6.3_1","Gafsa Sud",NA,NA,"Delegation","Delegation",NA,"TN.GF.GS"
"125348","TUN","Tunisia","TUN.6_1","Gafsa",NA,"TUN.6.4_1","Guetar",NA,NA,"Delegation","Delegation",NA,"TN.GF.GU"
"125319","TUN","Tunisia","TUN.6_1","Gafsa",NA,"TUN.6.5_1","Ksar",NA,NA,"Delegation","Delegation",NA,"TN.GF.KS"
"125491","TUN","Tunisia","TUN.6_1","Gafsa",NA,"TUN.6.6_1","Mdhilla",NA,NA,"Delegation","Delegation",NA,"TN.GF.MD"
"125125","TUN","Tunisia","TUN.6_1","Gafsa",NA,"TUN.6.7_1","Metlaoui",NA,NA,"Delegation","Delegation",NA,"TN.GF.ME"
"124947","TUN","Tunisia","TUN.6_1","Gafsa",NA,"TUN.6.8_1","Oum Larais","Moulareb|Oum El Araies|Oum Laarayés",NA,"Delegation","Delegation",NA,"TN.GF.OL"
"125247","TUN","Tunisia","TUN.6_1","Gafsa",NA,"TUN.6.9_1","Redeyef",NA,NA,"Delegation","Delegation",NA,"TN.GF.RE"
"124979","TUN","Tunisia","TUN.6_1","Gafsa",NA,"TUN.6.10_1","Sened",NA,NA,"Delegation","Delegation",NA,"TN.GF.SE"
"124935","TUN","Tunisia","TUN.6_1","Gafsa",NA,"TUN.6.11_1","Sidi Aich",NA,NA,"Delegation","Delegation",NA,"TN.GF.SA"
"122817","TUN","Tunisia","TUN.7_1","Jendouba",NA,"TUN.7.1_1","Aïn Draham","Ain Draham",NA,"Delegation","Delegation",NA,"TN.JE.AD"
"123006","TUN","Tunisia","TUN.7_1","Jendouba",NA,"TUN.7.2_1","Balta Bou Aouane","Balta",NA,"Delegation","Delegation",NA,"TN.JE.BB"
"123189","TUN","Tunisia","TUN.7_1","Jendouba",NA,"TUN.7.3_1","Bousalem",NA,NA,"Delegation","Delegation",NA,"TN.JE.BS"
"123068","TUN","Tunisia","TUN.7_1","Jendouba",NA,"TUN.7.4_1","Fernana",NA,NA,"Delegation","Delegation",NA,"TN.JE.FE"
"123263","TUN","Tunisia","TUN.7_1","Jendouba",NA,"TUN.7.5_1","Ghardimaou",NA,NA,"Delegation","Delegation",NA,"TN.JE.GH"
"123256","TUN","Tunisia","TUN.7_1","Jendouba",NA,"TUN.7.6_1","Jendouba Nord",NA,NA,"Delegation","Delegation",NA,"TN.JE.JN"
"123377","TUN","Tunisia","TUN.7_1","Jendouba",NA,"TUN.7.7_1","Jendouba Sud",NA,NA,"Delegation","Delegation",NA,"TN.JE.JE"
"123329","TUN","Tunisia","TUN.7_1","Jendouba",NA,"TUN.7.8_1","Oued Mliz",NA,NA,"Delegation","Delegation",NA,"TN.JE.OM"
"122705","TUN","Tunisia","TUN.7_1","Jendouba",NA,"TUN.7.9_1","Tabarka",NA,NA,"Delegation","Delegation",NA,"TN.JE.TA"
"124088","TUN","Tunisia","TUN.8_1","Kairouan",NA,"TUN.8.1_1","Alaa","El  Ala",NA,"Delegation","Delegation",NA,"TN.KR.AL"
"124323","TUN","Tunisia","TUN.8_1","Kairouan",NA,"TUN.8.2_1","Bouhajla",NA,NA,"Delegation","Delegation",NA,"TN.KR.SA"
"124053","TUN","Tunisia","TUN.8_1","Kairouan",NA,"TUN.8.3_1","Chebika",NA,NA,"Delegation","Delegation",NA,"TN.KR.CB"
"124508","TUN","Tunisia","TUN.8_1","Kairouan",NA,"TUN.8.4_1","Chrarda","Ch'rarda",NA,"Delegation","Delegation",NA,"TN.KR.CR"
"124278","TUN","Tunisia","TUN.8_1","Kairouan",NA,"TUN.8.5_1","Haffouz",NA,NA,"Delegation","Delegation",NA,"TN.KR.HF"
"124257","TUN","Tunisia","TUN.8_1","Kairouan",NA,"TUN.8.6_1","Hajeb El Ayoun",NA,NA,"Delegation","Delegation",NA,"TN.KR.HA"
"124081","TUN","Tunisia","TUN.8_1","Kairouan",NA,"TUN.8.7_1","Kairouan Nord",NA,NA,"Delegation","Delegation",NA,"TN.KR.KN"
"124169","TUN","Tunisia","TUN.8_1","Kairouan",NA,"TUN.8.8_1","Kairouan Sud",NA,NA,"Delegation","Delegation",NA,"TN.KR.KS"
"124324","TUN","Tunisia","TUN.8_1","Kairouan",NA,"TUN.8.9_1","Nasrallah",NA,NA,"Delegation","Delegation",NA,"TN.KR.NA"
"123799","TUN","Tunisia","TUN.8_1","Kairouan",NA,"TUN.8.10_1","Oueslatia",NA,NA,"Delegation","Delegation",NA,"TN.KR.OU"
"123760","TUN","Tunisia","TUN.8_1","Kairouan",NA,"TUN.8.11_1","Sbikha",NA,NA,"Delegation","Delegation",NA,"TN.KR.SB"
"124247","TUN","Tunisia","TUN.9_1","Kassérine",NA,"TUN.9.1_1","Ayoun","Elayoun",NA,"Delegation","Delegation",NA,"TN.KS.AY"
"124604","TUN","Tunisia","TUN.9_1","Kassérine",NA,"TUN.9.2_1","Ezzouhour",NA,NA,"Delegation","Delegation",NA,"TN.KS.EZ"
"124558","TUN","Tunisia","TUN.9_1","Kassérine",NA,"TUN.9.3_1","Feriana",NA,NA,"Delegation","Delegation",NA,"TN.KS.FE"
"124341","TUN","Tunisia","TUN.9_1","Kassérine",NA,"TUN.9.4_1","Foussana",NA,NA,"Delegation","Delegation",NA,"TN.KS.FO"
"124642","TUN","Tunisia","TUN.9_1","Kassérine",NA,"TUN.9.5_1","Hassi El Ferid",NA,NA,"Delegation","Delegation",NA,"TN.KS.HF"
"124194","TUN","Tunisia","TUN.9_1","Kassérine",NA,"TUN.9.6_1","Hidra","Haidra",NA,"Delegation","Delegation",NA,"TN.KS.HI"
"124144","TUN","Tunisia","TUN.9_1","Kassérine",NA,"TUN.9.7_1","Jedeliane",NA,NA,"Delegation","Delegation",NA,"TN.KS.DJ"
"124524","TUN","Tunisia","TUN.9_1","Kassérine",NA,"TUN.9.8_1","Kasserine Nord",NA,NA,"Delegation","Delegation",NA,"TN.KS.KN"
"124475","TUN","Tunisia","TUN.9_1","Kassérine",NA,"TUN.9.9_1","Kasserine Sud",NA,NA,"Delegation","Delegation",NA,"TN.KS.KS"
"124848","TUN","Tunisia","TUN.9_1","Kassérine",NA,"TUN.9.10_1","Majel Belabbes",NA,NA,"Delegation","Delegation",NA,"TN.KS.MB"
"124352","TUN","Tunisia","TUN.9_1","Kassérine",NA,"TUN.9.11_1","Sbeitla",NA,NA,"Delegation","Delegation",NA,"TN.KS.ST"
"124243","TUN","Tunisia","TUN.9_1","Kassérine",NA,"TUN.9.12_1","Sbiba",NA,NA,"Delegation","Delegation",NA,"TN.KS.SB"
"124104","TUN","Tunisia","TUN.9_1","Kassérine",NA,"TUN.9.13_1","Thala",NA,NA,"Delegation","Delegation",NA,"TN.KS.TH"
"126647","TUN","Tunisia","TUN.10_1","Kebili",NA,"TUN.10.1_1","Douz",NA,NA,"Delegation","Delegation",NA,NA
"126360","TUN","Tunisia","TUN.10_1","Kebili",NA,"TUN.10.2_1","Faouar",NA,NA,"Delegation","Delegation",NA,"TN.KB.FA"
"126195","TUN","Tunisia","TUN.10_1","Kebili",NA,"TUN.10.3_1","Kebili Nord","Kebili-North",NA,"Delegation","Delegation",NA,"TN.KB.KN"
"126489","TUN","Tunisia","TUN.10_1","Kebili",NA,"TUN.10.4_1","Kebili Sud","Kebili-South",NA,"Delegation","Delegation",NA,"TN.KB.KS"
"125691","TUN","Tunisia","TUN.10_1","Kebili",NA,"TUN.10.5_1","Souk El Ahed",NA,NA,"Delegation","Delegation",NA,"TN.KB.SA"
"123798","TUN","Tunisia","TUN.11_1","Le Kef",NA,"TUN.11.1_1","Dahmani",NA,NA,"Delegation","Delegation",NA,"TN.KF.DA"
"123743","TUN","Tunisia","TUN.11_1","Le Kef",NA,"TUN.11.2_1","Es Sers",NA,NA,"Delegation","Delegation",NA,"TN.KF.ES"
"123992","TUN","Tunisia","TUN.11_1","Le Kef",NA,"TUN.11.3_1","Jerissa",NA,NA,"Delegation","Delegation",NA,"TN.KF.JE"
"124086","TUN","Tunisia","TUN.11_1","Le Kef",NA,"TUN.11.4_1","Kalaa Khesba","Kalaa Khasbat",NA,"Delegation","Delegation",NA,"TN.KF.KR"
"123905","TUN","Tunisia","TUN.11_1","Le Kef",NA,"TUN.11.5_1","Kalaat Senan","Kalat Snen|Kalaat Senane",NA,"Delegation","Delegation",NA,"TN.KF.KS"
"123654","TUN","Tunisia","TUN.11_1","Le Kef",NA,"TUN.11.6_1","Kef Est",NA,NA,"Delegation","Delegation",NA,"TN.KF.KE"
"123687","TUN","Tunisia","TUN.11_1","Le Kef",NA,"TUN.11.7_1","Kef Ouest",NA,NA,"Delegation","Delegation",NA,"TN.KF.KO"
"123901","TUN","Tunisia","TUN.11_1","Le Kef",NA,"TUN.11.8_1","Ksour",NA,NA,"Delegation","Delegation",NA,"TN.KF.KU"
"123490","TUN","Tunisia","TUN.11_1","Le Kef",NA,"TUN.11.9_1","Nebeur",NA,NA,"Delegation","Delegation",NA,"TN.KF.NE"
"123564","TUN","Tunisia","TUN.11_1","Le Kef",NA,"TUN.11.10_1","Sakiet Sidi Youssef",NA,NA,"Delegation","Delegation",NA,"TN.KF.SS"
"123787","TUN","Tunisia","TUN.11_1","Le Kef",NA,"TUN.11.11_1","Tajerouine","Tejrouine",NA,"Delegation","Delegation",NA,"TN.KF.TE"
"124333","TUN","Tunisia","TUN.12_1","Mahdia",NA,"TUN.12.1_1","Boumerdès","Boumerdes",NA,"Delegation","Delegation",NA,"TN.MH.BO"
"124586","TUN","Tunisia","TUN.12_1","Mahdia",NA,"TUN.12.2_1","Chebba",NA,NA,"Delegation","Delegation",NA,"TN.MH.CB"
"124436","TUN","Tunisia","TUN.12_1","Mahdia",NA,"TUN.12.3_1","Chorbane",NA,NA,"Delegation","Delegation",NA,"TN.MH.CR"
"124403","TUN","Tunisia","TUN.12_1","Mahdia",NA,"TUN.12.4_1","El Jem",NA,NA,"Delegation","Delegation",NA,"TN.MH.JE"
"124391","TUN","Tunisia","TUN.12_1","Mahdia",NA,"TUN.12.5_1","Hbira",NA,NA,"Delegation","Delegation",NA,"TN.MH.HB"
"124360","TUN","Tunisia","TUN.12_1","Mahdia",NA,"TUN.12.6_1","Ksour Essef",NA,NA,"Delegation","Delegation",NA,"TN.MH.KE"
"124285","TUN","Tunisia","TUN.12_1","Mahdia",NA,"TUN.12.7_1","Mahdia",NA,NA,"Delegation","Delegation",NA,"TN.MH.MA"
"124522","TUN","Tunisia","TUN.12_1","Mahdia",NA,"TUN.12.8_1","Melloulech",NA,NA,"Delegation","Delegation",NA,"TN.MH.ME"
"124275","TUN","Tunisia","TUN.12_1","Mahdia",NA,"TUN.12.9_1","Ouled Chamekh",NA,NA,"Delegation","Delegation",NA,"TN.MH.OC"
"124383","TUN","Tunisia","TUN.12_1","Mahdia",NA,"TUN.12.10_1","Sidi Alouane",NA,NA,"Delegation","Delegation",NA,"TN.MH.SA"
"124366","TUN","Tunisia","TUN.12_1","Mahdia",NA,"TUN.12.11_1","Souassi","Essouassi",NA,"Delegation","Delegation",NA,"TN.MH.SO"
"123042","TUN","Tunisia","TUN.13_1","Manubah",NA,"TUN.13.1_1","Borj El Amri",NA,NA,"Delegation","Delegation",NA,"TN.MN.BA"
"122901","TUN","Tunisia","TUN.13_1","Manubah",NA,"TUN.13.2_1","Douar Hicher",NA,NA,"Delegation","Delegation",NA,"TN.MN.DH"
"122928","TUN","Tunisia","TUN.13_1","Manubah",NA,"TUN.13.3_1","El Battan","El Batane",NA,"Delegation","Delegation",NA,"TN.MN.BT"
"122769","TUN","Tunisia","TUN.13_1","Manubah",NA,"TUN.13.4_1","Jedaida","Jdaida",NA,"Delegation","Delegation",NA,"TN.MN.JE"
"122914","TUN","Tunisia","TUN.13_1","Manubah",NA,"TUN.13.5_1","Manouba",NA,NA,"Delegation","Delegation",NA,"TN.MN.MA"
"122924","TUN","Tunisia","TUN.13_1","Manubah",NA,"TUN.13.6_1","Mornaguia",NA,NA,"Delegation","Delegation",NA,"TN.MN.MO"
"122857","TUN","Tunisia","TUN.13_1","Manubah",NA,"TUN.13.7_1","Oued Ellil",NA,NA,"Delegation","Delegation",NA,"TN.MN.OE"
"122751","TUN","Tunisia","TUN.13_1","Manubah",NA,"TUN.13.8_1","Tebourba",NA,NA,"Delegation","Delegation",NA,"TN.MN.TE"
"126931","TUN","Tunisia","TUN.14_1","Médenine",NA,"TUN.14.1_1","Ben Guerdane",NA,NA,"Delegation","Delegation",NA,"TN.ME.BG"
"126919","TUN","Tunisia","TUN.14_1","Médenine",NA,"TUN.14.2_1","Beni Khedache",NA,NA,"Delegation","Delegation",NA,"TN.ME.BK"
"126480","TUN","Tunisia","TUN.14_1","Médenine",NA,"TUN.14.3_1","Djerba Ajim",NA,NA,"Delegation","Delegation",NA,"TN.ME.DA"
"126269","TUN","Tunisia","TUN.14_1","Médenine",NA,"TUN.14.4_1","Djerba Midoun",NA,NA,"Delegation","Delegation",NA,"TN.ME.DM"
"126169","TUN","Tunisia","TUN.14_1","Médenine",NA,"TUN.14.5_1","Houmt Souk","Houmt Souk",NA,"Delegation","Delegation",NA,"TN.ME.DH"
"126628","TUN","Tunisia","TUN.14_1","Médenine",NA,"TUN.14.6_1","Médenine Nord","Medenine Nord",NA,"Delegation","Delegation",NA,"TN.ME.MN"
"126608","TUN","Tunisia","TUN.14_1","Médenine",NA,"TUN.14.7_1","Médenine Sud","Medenine Sud",NA,"Delegation","Delegation",NA,"TN.ME.MS"
"126615","TUN","Tunisia","TUN.14_1","Médenine",NA,"TUN.14.8_1","Sidi Makhlouf",NA,NA,"Delegation","Delegation",NA,"TN.ME.SM"
"126602","TUN","Tunisia","TUN.14_1","Médenine",NA,"TUN.14.9_1","Zarzis","Larig",NA,"Delegation","Delegation",NA,"TN.ME.ZA"
"124235","TUN","Tunisia","TUN.15_1","Monastir",NA,"TUN.15.1_1","Bekalta",NA,NA,"Delegation","Delegation",NA,"TN.MS.BK"
"124171","TUN","Tunisia","TUN.15_1","Monastir",NA,"TUN.15.2_1","Bembla",NA,NA,"Delegation","Delegation",NA,"TN.MS.BM"
"124262","TUN","Tunisia","TUN.15_1","Monastir",NA,"TUN.15.3_1","Beni Hassen",NA,NA,"Delegation","Delegation",NA,"TN.MS.BH"
"124193","TUN","Tunisia","TUN.15_1","Monastir",NA,"TUN.15.4_1","Jammel",NA,NA,"Delegation","Delegation",NA,"TN.MS.JA"
"124203","TUN","Tunisia","TUN.15_1","Monastir",NA,"TUN.15.5_1","Ksar Hellal",NA,NA,"Delegation","Delegation",NA,"TN.MS.KH"
"124178","TUN","Tunisia","TUN.15_1","Monastir",NA,"TUN.15.6_1","Ksibet El Mediouni",NA,NA,"Delegation","Delegation",NA,"TN.MS.KM"
"124226","TUN","Tunisia","TUN.15_1","Monastir",NA,"TUN.15.7_1","Moknine",NA,NA,"Delegation","Delegation",NA,"TN.MS.MK"
"124096","TUN","Tunisia","TUN.15_1","Monastir",NA,"TUN.15.8_1","Monastir",NA,NA,"Delegation","Delegation",NA,"TN.MS.MS"
"124140","TUN","Tunisia","TUN.15_1","Monastir",NA,"TUN.15.9_1","Ouerdanine",NA,NA,"Delegation","Delegation",NA,"TN.MS.OU"
"124114","TUN","Tunisia","TUN.15_1","Monastir",NA,"TUN.15.10_1","Sahline",NA,NA,"Delegation","Delegation",NA,"TN.MS.SA"
"124191","TUN","Tunisia","TUN.15_1","Monastir",NA,"TUN.15.11_1","Sayada-Lamta-Bou Hjar",NA,NA,"Delegation","Delegation",NA,"TN.MS.SL"
"124239","TUN","Tunisia","TUN.15_1","Monastir",NA,"TUN.15.12_1","Sebkhet El Moknine",NA,NA,"Water body","Water body",NA,NA
"124215","TUN","Tunisia","TUN.15_1","Monastir",NA,"TUN.15.13_1","Teboulba",NA,NA,"Delegation","Delegation",NA,"TN.MS.TE"
"124128","TUN","Tunisia","TUN.15_1","Monastir",NA,"TUN.15.14_1","Unknown1",NA,NA,"Delegation","Delegation",NA,NA
"124244","TUN","Tunisia","TUN.15_1","Monastir",NA,"TUN.15.15_1","Zeramdine",NA,NA,"Delegation","Delegation",NA,"TN.MS.ZA"
"123188","TUN","Tunisia","TUN.16_1","Nabeul",NA,"TUN.16.1_1","Beni Khalled",NA,NA,"Delegation","Delegation",NA,"TN.NB.BD"
"123321","TUN","Tunisia","TUN.16_1","Nabeul",NA,"TUN.16.2_1","Beni Khiar",NA,NA,"Delegation","Delegation",NA,"TN.NB.BR"
"123293","TUN","Tunisia","TUN.16_1","Nabeul",NA,"TUN.16.3_1","Bou Argoub",NA,NA,"Delegation","Delegation",NA,"TN.NB.BA"
"123311","TUN","Tunisia","TUN.16_1","Nabeul",NA,"TUN.16.4_1","Dar Chaabane El Fehri",NA,NA,"Delegation","Delegation",NA,"TN.NB.DC"
"123020","TUN","Tunisia","TUN.16_1","Nabeul",NA,"TUN.16.5_1","El Mida",NA,NA,"Delegation","Delegation",NA,"TN.NB.MI"
"123129","TUN","Tunisia","TUN.16_1","Nabeul",NA,"TUN.16.6_1","Grombalia",NA,NA,"Delegation","Delegation",NA,"TN.NB.GR"
"122739","TUN","Tunisia","TUN.16_1","Nabeul",NA,"TUN.16.7_1","Hammam Ghezaz","Hammam",NA,"Delegation","Delegation",NA,"TN.NB.HG"
"123421","TUN","Tunisia","TUN.16_1","Nabeul",NA,"TUN.16.8_1","Hammamet",NA,NA,"Delegation","Delegation",NA,"TN.NB.HM"
"122637","TUN","Tunisia","TUN.16_1","Nabeul",NA,"TUN.16.9_1","Haouaria",NA,NA,"Delegation","Delegation",NA,"TN.NB.HR"
"122779","TUN","Tunisia","TUN.16_1","Nabeul",NA,"TUN.16.10_1","Kelibia",NA,NA,"Delegation","Delegation",NA,"TN.NB.KE"
"123138","TUN","Tunisia","TUN.16_1","Nabeul",NA,"TUN.16.11_1","Korba",NA,NA,"Delegation","Delegation",NA,"TN.NB.KO"
"123058","TUN","Tunisia","TUN.16_1","Nabeul",NA,"TUN.16.12_1","Menzel Bouzelfa",NA,NA,"Delegation","Delegation",NA,"TN.NB.MB"
"122841","TUN","Tunisia","TUN.16_1","Nabeul",NA,"TUN.16.13_1","Menzel Temime",NA,NA,"Delegation","Delegation",NA,"TN.NB.MT"
"123396","TUN","Tunisia","TUN.16_1","Nabeul",NA,"TUN.16.14_1","Nabeul",NA,NA,"Delegation","Delegation",NA,"TN.NB.NA"
"123108","TUN","Tunisia","TUN.16_1","Nabeul",NA,"TUN.16.15_1","Soliman",NA,NA,"Delegation","Delegation",NA,"TN.NB.SO"
"122831","TUN","Tunisia","TUN.16_1","Nabeul",NA,"TUN.16.16_1","Takelsa",NA,NA,"Delegation","Delegation",NA,"TN.NB.TA"
"124861","TUN","Tunisia","TUN.17_1","Sfax",NA,"TUN.17.1_1","Agareb",NA,NA,"Delegation","Delegation",NA,"TN.SF.AG"
"124780","TUN","Tunisia","TUN.17_1","Sfax",NA,"TUN.17.2_1","Bir Ali Ben Khélifa","Bir Ali Ben Khelifa",NA,"Delegation","Delegation",NA,"TN.SF.BA"
"124770","TUN","Tunisia","TUN.17_1","Sfax",NA,"TUN.17.3_1","El Amra","Amra",NA,"Delegation","Delegation",NA,"TN.SF.AM"
"125074","TUN","Tunisia","TUN.17_1","Sfax",NA,"TUN.17.4_1","El Ghraiba","Gheriba",NA,"Delegation","Delegation",NA,"TN.SF.GH"
"124509","TUN","Tunisia","TUN.17_1","Sfax",NA,"TUN.17.5_1","Hencha",NA,NA,"Delegation","Delegation",NA,"TN.SF.HA"
"124597","TUN","Tunisia","TUN.17_1","Sfax",NA,"TUN.17.6_1","Jebeniana",NA,NA,"Delegation","Delegation",NA,"TN.SF.DJ"
"124991","TUN","Tunisia","TUN.17_1","Sfax",NA,"TUN.17.7_1","Kerkennah",NA,NA,"Delegation","Delegation",NA,"TN.SF.KE"
"125012","TUN","Tunisia","TUN.17_1","Sfax",NA,"TUN.17.8_1","Mahres","El Mahres",NA,"Delegation","Delegation",NA,"TN.SF.MA"
"124601","TUN","Tunisia","TUN.17_1","Sfax",NA,"TUN.17.9_1","Menzel Chaker",NA,NA,"Delegation","Delegation",NA,"TN.SF.MC"
"124849","TUN","Tunisia","TUN.17_1","Sfax",NA,"TUN.17.10_1","Sakiet Eddaier",NA,NA,"Delegation","Delegation",NA,"TN.SF.SD"
"124819","TUN","Tunisia","TUN.17_1","Sfax",NA,"TUN.17.11_1","Sakiet Ezzit",NA,NA,"Delegation","Delegation",NA,"TN.SF.SZ"
"124967","TUN","Tunisia","TUN.17_1","Sfax",NA,"TUN.17.12_1","Sfax Médina","Sfax Medina",NA,"Delegation","Delegation",NA,"TN.SF.SM"
"124936","TUN","Tunisia","TUN.17_1","Sfax",NA,"TUN.17.13_1","Sfax Ouest",NA,NA,"Delegation","Delegation",NA,"TN.SF.SO"
"124828","TUN","Tunisia","TUN.17_1","Sfax",NA,"TUN.17.14_1","Sfax Sud",NA,NA,"Delegation","Delegation",NA,"TN.SF.SS"
"125221","TUN","Tunisia","TUN.17_1","Sfax",NA,"TUN.17.15_1","Skhira",NA,NA,"Delegation","Delegation",NA,"TN.SF.SK"
"124738","TUN","Tunisia","TUN.18_1","Sidi Bou Zid",NA,"TUN.18.1_1","Bir El Hfay",NA,NA,"Delegation","Delegation",NA,"TN.SZ.BH"
"124331","TUN","Tunisia","TUN.18_1","Sidi Bou Zid",NA,"TUN.18.2_1","Jelma",NA,NA,"Delegation","Delegation",NA,"TN.SZ.JI"
"125000","TUN","Tunisia","TUN.18_1","Sidi Bou Zid",NA,"TUN.18.3_1","Mazzouna",NA,NA,"Delegation","Delegation",NA,"TN.SZ.MA"
"124926","TUN","Tunisia","TUN.18_1","Sidi Bou Zid",NA,"TUN.18.4_1","Meknassi",NA,NA,"Delegation","Delegation",NA,"TN.SZ.ME"
"124931","TUN","Tunisia","TUN.18_1","Sidi Bou Zid",NA,"TUN.18.5_1","Menzel Bouzaiene",NA,NA,"Delegation","Delegation",NA,"TN.SZ.MB"
"124587","TUN","Tunisia","TUN.18_1","Sidi Bou Zid",NA,"TUN.18.6_1","Ouled Haffouz",NA,NA,"Delegation","Delegation",NA,"TN.SZ.OH"
"124731","TUN","Tunisia","TUN.18_1","Sidi Bou Zid",NA,"TUN.18.7_1","Regueb",NA,NA,"Delegation","Delegation",NA,"TN.SZ.RE"
"124422","TUN","Tunisia","TUN.18_1","Sidi Bou Zid",NA,"TUN.18.8_1","Sabalat Ouled Asker",NA,NA,"Delegation","Delegation",NA,"TN.SZ.SA"
"124781","TUN","Tunisia","TUN.18_1","Sidi Bou Zid",NA,"TUN.18.9_1","Sidi Ali Ben Aoun",NA,NA,"Delegation","Delegation",NA,"TN.SZ.SB"
"124496","TUN","Tunisia","TUN.18_1","Sidi Bou Zid",NA,"TUN.18.10_1","Sidi Bouzid Est",NA,NA,"Delegation","Delegation",NA,"TN.SZ.SE"
"124606","TUN","Tunisia","TUN.18_1","Sidi Bou Zid",NA,"TUN.18.11_1","Sidi Bouzid Ouest",NA,NA,"Delegation","Delegation",NA,"TN.SZ.SO"
"124787","TUN","Tunisia","TUN.18_1","Sidi Bou Zid",NA,"TUN.18.12_1","Souk Jedid","Souk Jdid",NA,"Delegation","Delegation",NA,"TN.SZ.SJ"
"123695","TUN","Tunisia","TUN.19_1","Siliana",NA,"TUN.19.1_1","Bargou",NA,NA,"Delegation","Delegation",NA,"TN.SL.BA"
"123489","TUN","Tunisia","TUN.19_1","Siliana",NA,"TUN.19.2_1","Bouarada",NA,NA,"Delegation","Delegation",NA,"TN.SL.BD"
"123639","TUN","Tunisia","TUN.19_1","Siliana",NA,"TUN.19.3_1","Bourouis",NA,NA,"Delegation","Delegation",NA,"TN.SL.BR"
"123467","TUN","Tunisia","TUN.19_1","Siliana",NA,"TUN.19.4_1","El Krib",NA,NA,"Delegation","Delegation",NA,"TN.SL.EL"
"123565","TUN","Tunisia","TUN.19_1","Siliana",NA,"TUN.19.5_1","Gaafour",NA,NA,"Delegation","Delegation",NA,"TN.SL.GA"
"123984","TUN","Tunisia","TUN.19_1","Siliana",NA,"TUN.19.6_1","Kesra",NA,NA,"Delegation","Delegation",NA,"TN.SL.KI"
"123461","TUN","Tunisia","TUN.19_1","Siliana",NA,"TUN.19.7_1","Laroussa","Laaroussa",NA,"Delegation","Delegation",NA,"TN.SL.LA"
"123884","TUN","Tunisia","TUN.19_1","Siliana",NA,"TUN.19.8_1","Makthar",NA,NA,"Delegation","Delegation",NA,"TN.SL.MA"
"124082","TUN","Tunisia","TUN.19_1","Siliana",NA,"TUN.19.9_1","Rouhia",NA,NA,"Delegation","Delegation",NA,"TN.SL.RO"
"123758","TUN","Tunisia","TUN.19_1","Siliana",NA,"TUN.19.10_1","Siliana Nord",NA,NA,"Delegation","Delegation",NA,"TN.SL.SN"
"123826","TUN","Tunisia","TUN.19_1","Siliana",NA,"TUN.19.11_1","Siliana Sud",NA,NA,"Delegation","Delegation",NA,"TN.SL.SS"
"123896","TUN","Tunisia","TUN.20_1","Sousse",NA,"TUN.20.1_1","Akouda",NA,NA,"Delegation","Delegation",NA,"TN.SS.AK"
"123549","TUN","Tunisia","TUN.20_1","Sousse",NA,"TUN.20.2_1","Bouficha",NA,NA,"Delegation","Delegation",NA,"TN.SS.BO"
"123655","TUN","Tunisia","TUN.20_1","Sousse",NA,"TUN.20.3_1","Enfidha",NA,NA,"Delegation","Delegation",NA,"TN.SS.EN"
"123952","TUN","Tunisia","TUN.20_1","Sousse",NA,"TUN.20.4_1","Hammam Sousse",NA,NA,"Delegation","Delegation",NA,"TN.SS.HS"
"123865","TUN","Tunisia","TUN.20_1","Sousse",NA,"TUN.20.5_1","Hergla",NA,NA,"Delegation","Delegation",NA,"TN.SS.HE"
"123899","TUN","Tunisia","TUN.20_1","Sousse",NA,"TUN.20.6_1","Kalaa Kebira",NA,NA,"Delegation","Delegation",NA,"TN.SS.KK"
"124034","TUN","Tunisia","TUN.20_1","Sousse",NA,"TUN.20.7_1","Kalaa Sghira",NA,NA,"Delegation","Delegation",NA,"TN.SS.KS"
"123834","TUN","Tunisia","TUN.20_1","Sousse",NA,"TUN.20.8_1","Kondar",NA,NA,"Delegation","Delegation",NA,"TN.SS.KO"
"124093","TUN","Tunisia","TUN.20_1","Sousse",NA,"TUN.20.9_1","M'Saken",NA,NA,"Delegation","Delegation",NA,"TN.SS.MS"
"124216","TUN","Tunisia","TUN.20_1","Sousse",NA,"TUN.20.10_1","Sebkhat Sidi El Hani",NA,NA,"Water Body","Water Body",NA,NA
"123936","TUN","Tunisia","TUN.20_1","Sousse",NA,"TUN.20.11_1","Sebkhit El Kabla",NA,NA,"Water Body","Water Body",NA,NA
"123849","TUN","Tunisia","TUN.20_1","Sousse",NA,"TUN.20.12_1","Sidi Bou Ali",NA,NA,"Delegation","Delegation",NA,"TN.SS.SB"
"124043","TUN","Tunisia","TUN.20_1","Sousse",NA,"TUN.20.13_1","Sidi El Heni",NA,NA,"Delegation","Delegation",NA,"TN.SS.SH"
"124066","TUN","Tunisia","TUN.20_1","Sousse",NA,"TUN.20.14_1","Sousse Jaouhara",NA,NA,"Delegation","Delegation",NA,"TN.SS.SJ"
"124028","TUN","Tunisia","TUN.20_1","Sousse",NA,"TUN.20.15_1","Sousse Médina","Sousse Medina",NA,"Delegation","Delegation",NA,"TN.SS.SM"
"124075","TUN","Tunisia","TUN.20_1","Sousse",NA,"TUN.20.16_1","Sousse Riadh",NA,NA,"Delegation","Delegation",NA,"TN.SS.SR"
"124038","TUN","Tunisia","TUN.20_1","Sousse",NA,"TUN.20.17_1","Sousse Sidi Abdelhamid",NA,NA,"Delegation","Delegation",NA,"TN.SS.SS"
"127110","TUN","Tunisia","TUN.21_1","Tataouine",NA,"TUN.21.1_1","Bir Lahmar",NA,NA,"Delegation","Delegation",NA,"TN.TA.BL"
"127561","TUN","Tunisia","TUN.21_1","Tataouine",NA,"TUN.21.2_1","Dhiba",NA,NA,"Delegation","Delegation",NA,"TN.TA.DH"
"127160","TUN","Tunisia","TUN.21_1","Tataouine",NA,"TUN.21.3_1","Ghomrassen",NA,NA,"Delegation","Delegation",NA,"TN.TA.GH"
"127390","TUN","Tunisia","TUN.21_1","Tataouine",NA,"TUN.21.4_1","Remada",NA,NA,"Delegation","Delegation",NA,"TN.TA.RE"
"127207","TUN","Tunisia","TUN.21_1","Tataouine",NA,"TUN.21.5_1","Samar",NA,NA,"Delegation","Delegation",NA,"TN.TA.SA"
"127215","TUN","Tunisia","TUN.21_1","Tataouine",NA,"TUN.21.6_1","Tataouine Nord",NA,NA,"Delegation","Delegation",NA,"TN.TA.TN"
"127262","TUN","Tunisia","TUN.21_1","Tataouine",NA,"TUN.21.7_1","Tataouine Sud",NA,NA,"Delegation","Delegation",NA,"TN.TA.TS"
"125514","TUN","Tunisia","TUN.22_1","Tozeur",NA,"TUN.22.1_1","Degueche",NA,NA,"Delegation","Delegation",NA,"TN.TO.DE"
"125810","TUN","Tunisia","TUN.22_1","Tozeur",NA,"TUN.22.2_1","Hazoua",NA,NA,"Delegation","Delegation",NA,"TN.TO.HA"
"125732","TUN","Tunisia","TUN.22_1","Tozeur",NA,"TUN.22.3_1","Nefta",NA,NA,"Delegation","Delegation",NA,"TN.TO.NA"
"125216","TUN","Tunisia","TUN.22_1","Tozeur",NA,"TUN.22.4_1","Tamaghza",NA,NA,"Delegation","Delegation",NA,"TN.TO.TA"
"125713","TUN","Tunisia","TUN.22_1","Tozeur",NA,"TUN.22.5_1","Tozeur",NA,NA,"Delegation","Delegation",NA,"TN.TO.TO"
"122956","TUN","Tunisia","TUN.23_1","Tunis",NA,"TUN.23.1_1","Bab Bhar",NA,NA,"Delegation","Delegation",NA,"TN.TU.BB"
"122966","TUN","Tunisia","TUN.23_1","Tunis",NA,"TUN.23.2_1","Bab Souika",NA,NA,"Delegation","Delegation",NA,"TN.TU.BS"
"122918","TUN","Tunisia","TUN.23_1","Tunis",NA,"TUN.23.3_1","Bardo","Le Bardo",NA,"Delegation","Delegation",NA,"TN.TU.LB"
"122883","TUN","Tunisia","TUN.23_1","Tunis",NA,"TUN.23.4_1","Bouhaira",NA,NA,"Delegation","Delegation",NA,NA
"122869","TUN","Tunisia","TUN.23_1","Tunis",NA,"TUN.23.5_1","Carthage",NA,NA,"Delegation","Delegation",NA,"TN.TU.CA"
"122876","TUN","Tunisia","TUN.23_1","Tunis",NA,"TUN.23.6_1","Cité El Khadra","Cite El Khadra",NA,"Delegation","Delegation",NA,"TN.TU.KH"
"122889","TUN","Tunisia","TUN.23_1","Tunis",NA,"TUN.23.7_1","El Menzah",NA,NA,"Delegation","Delegation",NA,"TN.TU.MZ"
"123003","TUN","Tunisia","TUN.23_1","Tunis",NA,"TUN.23.8_1","El Ouardia",NA,NA,"Delegation","Delegation",NA,"TN.TU.OU"
"122923","TUN","Tunisia","TUN.23_1","Tunis",NA,"TUN.23.9_1","El Tahrir",NA,NA,"Delegation","Delegation",NA,"TN.TU.TA"
"122987","TUN","Tunisia","TUN.23_1","Tunis",NA,"TUN.23.10_1","Ezzouhour",NA,NA,"Delegation","Delegation",NA,"TN.TU.EZ"
"122975","TUN","Tunisia","TUN.23_1","Tunis",NA,"TUN.23.11_1","Hrairia",NA,NA,"Delegation","Delegation",NA,"TN.TU.HA"
"123033","TUN","Tunisia","TUN.23_1","Tunis",NA,"TUN.23.12_1","Jebel Jelloud",NA,NA,"Delegation","Delegation",NA,"TN.TU.JJ"
"123053","TUN","Tunisia","TUN.23_1","Tunis",NA,"TUN.23.13_1","Kabaria",NA,NA,"Delegation","Delegation",NA,"TN.TU.KA"
"122916","TUN","Tunisia","TUN.23_1","Tunis",NA,"TUN.23.14_1","La Goulette",NA,NA,"Delegation","Delegation",NA,"TN.TU.LG"
"122776","TUN","Tunisia","TUN.23_1","Tunis",NA,"TUN.23.15_1","La Marsa",NA,NA,"Delegation","Delegation",NA,"TN.TU.LM"
"122981","TUN","Tunisia","TUN.23_1","Tunis",NA,"TUN.23.16_1","Médina","Medina",NA,"Delegation","Delegation",NA,"TN.TU.MD"
"122932","TUN","Tunisia","TUN.23_1","Tunis",NA,"TUN.23.17_1","Omrane",NA,NA,"Delegation","Delegation",NA,"TN.TU.OM"
"122888","TUN","Tunisia","TUN.23_1","Tunis",NA,"TUN.23.18_1","Omrane Supérieur","Omrane Superieur",NA,"Delegation","Delegation",NA,"TN.TU.OS"
"122995","TUN","Tunisia","TUN.23_1","Tunis",NA,"TUN.23.19_1","Sabkhet Sijoumi",NA,NA,"Water body","Water body",NA,NA
"122994","TUN","Tunisia","TUN.23_1","Tunis",NA,"TUN.23.20_1","Sidi El Béchir","Sidi El Bechir",NA,"Delegation","Delegation",NA,"TN.TU.SB"
"123001","TUN","Tunisia","TUN.23_1","Tunis",NA,"TUN.23.21_1","Sidi Hassine",NA,NA,"Delegation","Delegation",NA,"TN.TU.SH"
"122985","TUN","Tunisia","TUN.23_1","Tunis",NA,"TUN.23.22_1","Sijoumi","Sejoumi",NA,"Delegation","Delegation",NA,"TN.TU.SI"
"122921","TUN","Tunisia","TUN.23_1","Tunis",NA,"TUN.23.23_1","Unknown",NA,NA,"Delegation","Delegation",NA,NA
"123183","TUN","Tunisia","TUN.24_1","Zaghouan",NA,"TUN.24.1_1","Bir Mchergua",NA,NA,"Delegation","Delegation",NA,"TN.ZA.BM"
"123450","TUN","Tunisia","TUN.24_1","Zaghouan",NA,"TUN.24.2_1","Fahs",NA,NA,"Delegation","Delegation",NA,"TN.ZA.FA"
"123714","TUN","Tunisia","TUN.24_1","Zaghouan",NA,"TUN.24.3_1","Nadhour",NA,NA,"Delegation","Delegation",NA,"TN.ZA.NA"
"123647","TUN","Tunisia","TUN.24_1","Zaghouan",NA,"TUN.24.4_1","Saouaf",NA,NA,"Delegation","Delegation",NA,"TN.ZA.SA"
"123434","TUN","Tunisia","TUN.24_1","Zaghouan",NA,"TUN.24.5_1","Zaghouan",NA,NA,"Delegation","Delegation",NA,"TN.ZA.ZA"
"123554","TUN","Tunisia","TUN.24_1","Zaghouan",NA,"TUN.24.6_1","Zriba",NA,NA,"Delegation","Delegation",NA,"TN.ZA.ZR"
